Workbook

Sheet 使い方
A1: KPIダッシュボード 使い方
A4: ■ 入力するのは「週次実績」シートの黄色セルだけです。それ以外はすべて数式です。
A6: 【毎週日曜夜・10分】
A7: 1. 週次実績シートの黄色セルに、その週の数値を入れる
A8: 2. 自動計算される「4週移動平均」と「計画比」を見る
A9: 3. 判定欄（自動）で 🔴 が出た指標について、来週の打ち手を決める
A11: 【毎月末・30分】
A12: 4. 月次サマリシートで7指標と収益構成比を確認する
A13: 5. ゲート判定シートで、意思決定ゲートの通過状況を確認する
A15: ■ 最重要の2指標（先行指標）
A16: ・メールリスト純増数 … 事業の心臓。ここが止まったら全部止まる
A17: ・平均保存率 … 「役に立つ」の代理指標。いいね率より重要
... A28: ■ 本ファイルは開いた時点で全数式を自動再計算します。

Sheet 週次実績
A1: 週次実績（入力シート）
A2: 黄色セルのみ入力。青字＝入力値／黒字＝数式／緑字＝他シート参照。
A3: 判定は4週移動平均に対して行われます（単週のブレで判断しないため）。1〜3週目は判定が出ません。
A5: 週 | B5: 週末日付 | C5: 経過月 | D5: ﾒｰﾙﾘｽﾄ累計 | E5: ﾘｽﾄ純増 | F5: ﾘｽﾄ純増 4週平均 | G5: 判定 ﾘｽﾄ | H5: ﾌｫﾛﾜｰ累計 | I5: ﾌｫﾛﾜｰ純増 | J5: 投稿本数 | K5: ﾘｰﾁ | L5: 保存数 | M5: 保存率 | N5: 保存率 4週平均 | O5: 判定 保存率 | P5: ﾌﾟﾛﾌｨｰﾙ 訪問 | Q5: LM登録数 | R5: LM登録率 | S5: 判定 LM | T5: ガイド 販売数 | U5: 返金数 | V5: 返金率 | W5: ｱﾌｨﾘ収益 | X5: その他収益 | Y5: 週次売上 | Z5: 訪問店舗 (今週) | AA5: 訪問店舗 累計 | AB5: 投下時間 | AC5: 判定 時間
A6: 1 | C6: =ROUNDUP($A6/4.345,0) | E6: =$D6 | I6: =$H6 | M6: =IF(OR($K6="",$K6=0),"",$L6/$K6) | O6: =IF($N6="","",IF($N6>=0.03,"OK","要対策")) | R6: =IF(OR($P6="",$P6=0),"",$Q6/$P6) | S6: =IF($R6="","",IF($R6>=0.15,"OK","要対策")) | V6: =IF(OR($T6="",$T6=0),"",$U6/$T6) | Y6: =IF(COUNT($W6:$X6)=0,"",SUM($W6:$X6)) | AA6: =$Z6 | AC6: =IF($AB6="","",IF($AB6<=15,"OK","超過"))
A7: 2 | C7: =ROUNDUP($A7/4.345,0) | E7: =IF($D7="","",$D7-$D6) | I7: =IF($H7="","",$H7-$H6) | M7: =IF(OR($K7="",$K7=0),"",$L7/$K7) | O7: =IF($N7="","",IF($N7>=0.03,"OK","要対策")) | R7: =IF(OR($P7="",$P7=0),"",$Q7/$P7) | S7: =IF($R7="","",IF($R7>=0.15,"OK","要対策")) | V7: =IF(OR($T7="",$T7=0),"",$U7/$T7) | Y7: =IF(COUNT($W7:$X7)=0,"",SUM($W7:$X7)) | AA7: =IF($Z7="",$AA6,$AA6+$Z7) | AC7: =IF($AB7="","",IF($AB7<=15,"OK","超過"))
A8: 3 | C8: =ROUNDUP($A8/4.345,0) | E8: =IF($D8="","",$D8-$D7) | I8: =IF($H8="","",$H8-$H7) | M8: =IF(OR($K8="",$K8=0),"",$L8/$K8) | O8: =IF($N8="","",IF($N8>=0.03,"OK","要対策")) | R8: =IF(OR($P8="",$P8=0),"",$Q8/$P8) | S8: =IF($R8="","",IF($R8>=0.15,"OK","要対策")) | V8: =IF(OR($T8="",$T8=0),"",$U8/$T8) | Y8: =IF(COUNT($W8:$X8)=0,"",SUM($W8:$X8)) | AA8: =IF($Z8="",$AA7,$AA7+$Z8) | AC8: =IF($AB8="","",IF($AB8<=15,"OK","超過"))
A9: 4 | C9: =ROUNDUP($A9/4.345,0) | E9: =IF($D9="","",$D9-$D8) | F9: =IF(COUNT($E6:$E9)<4,"",AVERAGE($E6:$E9)) | I9: =IF($H9="","",$H9-$H8) | M9: =IF(OR($K9="",$K9=0),"",$L9/$K9) | N9: =IF(COUNT($M6:$M9)<4,"",AVERAGE($M6:$M9)) | O9: =IF($N9="","",IF($N9>=0.03,"OK","要対策")) | R9: =IF(OR($P9="",$P9=0),"",$Q9/$P9) | S9: =IF($R9="","",IF($R9>=0.15,"OK","要対策")) | V9: =IF(OR($T9="",$T9=0),"",$U9/$T9) | Y9: =IF(COUNT($W9:$X9)=0,"",SUM($W9:$X9)) | AA9: =IF($Z9="",$AA8,$AA8+$Z9) | AC9: =IF($AB9="","",IF($AB9<=15,"OK","超過"))
A10: 5 | C10: =ROUNDUP($A10/4.345,0) | E10: =IF($D10="","",$D10-$D9) | F10: =IF(COUNT($E7:$E10)<4,"",AVERAGE($E7:$E10)) | G10: =IF($F10="","",IF($F10>=$F9,"OK","要対策")) | I10: =IF($H10="","",$H10-$H9) | M10: =IF(OR($K10="",$K10=0),"",$L10/$K10) | N10: =IF(COUNT($M7:$M10)<4,"",AVERAGE($M7:$M10)) | O10: =IF($N10="","",IF($N10>=0.03,"OK","要対策")) | R10: =IF(OR($P10="",$P10=0),"",$Q10/$P10) | S10: =IF($R10="","",IF($R10>=0.15,"OK","要対策")) | V10: =IF(OR($T10="",$T10=0),"",$U10/$T10) | Y10: =IF(COUNT($W10:$X10)=0,"",SUM($W10:$X10)) | AA10: =IF($Z10="",$AA9,$AA9+$Z10) | AC10: =IF($AB10="","",IF($AB10<=15,"OK","超過"))
A11: 6 | C11: =ROUNDUP($A11/4.345,0) | E11: =IF($D11="","",$D11-$D10) | F11: =IF(COUNT($E8:$E11)<4,"",AVERAGE($E8:$E11)) | G11: =IF($F11="","",IF($F11>=$F10,"OK","要対策")) | I11: =IF($H11="","",$H11-$H10) | M11: =IF(OR($K11="",$K11=0),"",$L11/$K11) | N11: =IF(COUNT($M8:$M11)<4,"",AVERAGE($M8:$M11)) | O11: =IF($N11="","",IF($N11>=0.03,"OK","要対策")) | R11: =IF(OR($P11="",$P11=0),"",$Q11/$P11) | S11: =IF($R11="","",IF($R11>=0.15,"OK","要対策")) | V11: =IF(OR($T11="",$T11=0),"",$U11/$T11) | Y11: =IF(COUNT($W11:$X11)=0,"",SUM($W11:$X11)) | AA11: =IF($Z11="",$AA10,$AA10+$Z11) | AC11: =IF($AB11="","",IF($AB11<=15,"OK","超過"))
A12: 7 | C12: =ROUNDUP($A12/4.345,0) | E12: =IF($D12="","",$D12-$D11) | F12: =IF(COUNT($E9:$E12)<4,"",AVERAGE($E9:$E12)) | G12: =IF($F12="","",IF($F12>=$F11,"OK","要対策")) | I12: =IF($H12="","",$H12-$H11) | M12: =IF(OR($K12="",$K12=0),"",$L12/$K12) | N12: =IF(COUNT($M9:$M12)<4,"",AVERAGE($M9:$M12)) | O12: =IF($N12="","",IF($N12>=0.03,"OK","要対策")) | R12: =IF(OR($P12="",$P12=0),"",$Q12/$P12) | S12: =IF($R12="","",IF($R12>=0.15,"OK","要対策")) | V12: =IF(OR($T12="",$T12=0),"",$U12/$T12) | Y12: =IF(COUNT($W12:$X12)=0,"",SUM($W12:$X12)) | AA12: =IF($Z12="",$AA11,$AA11+$Z12) | AC12: =IF($AB12="","",IF($AB12<=15,"OK","超過"))
A13: 8 | C13: =ROUNDUP($A13/4.345,0) | E13: =IF($D13="","",$D13-$D12) | F13: =IF(COUNT($E10:$E13)<4,"",AVERAGE($E10:$E13)) | G13: =IF($F13="","",IF($F13>=$F12,"OK","要対策")) | I13: =IF($H13="","",$H13-$H12) | M13: =IF(OR($K13="",$K13=0),"",$L13/$K13) | N13: =IF(COUNT($M10:$M13)<4,"",AVERAGE($M10:$M13)) | O13: =IF($N13="","",IF($N13>=0.03,"OK","要対策")) | R13: =IF(OR($P13="",$P13=0),"",$Q13/$P13) | S13: =IF($R13="","",IF($R13>=0.15,"OK","要対策")) | V13: =IF(OR($T13="",$T13=0),"",$U13/$T13) | Y13: =IF(COUNT($W13:$X13)=0,"",SUM($W13:$X13)) | AA13: =IF($Z13="",$AA12,$AA12+$Z13) | AC13: =IF($AB13="","",IF($AB13<=15,"OK","超過"))
A14: 9 | C14: =ROUNDUP($A14/4.345,0) | E14: =IF($D14="","",$D14-$D13) | F14: =IF(COUNT($E11:$E14)<4,"",AVERAGE($E11:$E14)) | G14: =IF($F14="","",IF($F14>=$F13,"OK","要対策")) | I14: =IF($H14="","",$H14-$H13) | M14: =IF(OR($K14="",$K14=0),"",$L14/$K14) | N14: =IF(COUNT($M11:$M14)<4,"",AVERAGE($M11:$M14)) | O14: =IF($N14="","",IF($N14>=0.03,"OK","要対策")) | R14: =IF(OR($P14="",$P14=0),"",$Q14/$P14) | S14: =IF($R14="","",IF($R14>=0.15,"OK","要対策")) | V14: =IF(OR($T14="",$T14=0),"",$U14/$T14) | Y14: =IF(COUNT($W14:$X14)=0,"",SUM($W14:$X14)) | AA14: =IF($Z14="",$AA13,$AA13+$Z14) | AC14: =IF($AB14="","",IF($AB14<=15,"OK","超過"))
A15: 10 | C15: =ROUNDUP($A15/4.345,0) | E15: =IF($D15="","",$D15-$D14) | F15: =IF(COUNT($E12:$E15)<4,"",AVERAGE($E12:$E15)) | G15: =IF($F15="","",IF($F15>=$F14,"OK","要対策")) | I15: =IF($H15="","",$H15-$H14) | M15: =IF(OR($K15="",$K15=0),"",$L15/$K15) | N15: =IF(COUNT($M12:$M15)<4,"",AVERAGE($M12:$M15)) | O15: =IF($N15="","",IF($N15>=0.03,"OK","要対策")) | R15: =IF(OR($P15="",$P15=0),"",$Q15/$P15) | S15: =IF($R15="","",IF($R15>=0.15,"OK","要対策")) | V15: =IF(OR($T15="",$T15=0),"",$U15/$T15) | Y15: =IF(COUNT($W15:$X15)=0,"",SUM($W15:$X15)) | AA15: =IF($Z15="",$AA14,$AA14+$Z15) | AC15: =IF($AB15="","",IF($AB15<=15,"OK","超過"))
A16: 11 | C16: =ROUNDUP($A16/4.345,0) | E16: =IF($D16="","",$D16-$D15) | F16: =IF(COUNT($E13:$E16)<4,"",AVERAGE($E13:$E16)) | G16: =IF($F16="","",IF($F16>=$F15,"OK","要対策")) | I16: =IF($H16="","",$H16-$H15) | M16: =IF(OR($K16="",$K16=0),"",$L16/$K16) | N16: =IF(COUNT($M13:$M16)<4,"",AVERAGE($M13:$M16)) | O16: =IF($N16="","",IF($N16>=0.03,"OK","要対策")) | R16: =IF(OR($P16="",$P16=0),"",$Q16/$P16) | S16: =IF($R16="","",IF($R16>=0.15,"OK","要対策")) | V16: =IF(OR($T16="",$T16=0),"",$U16/$T16) | Y16: =IF(COUNT($W16:$X16)=0,"",SUM($W16:$X16)) | AA16: =IF($Z16="",$AA15,$AA15+$Z16) | AC16: =IF($AB16="","",IF($AB16<=15,"OK","超過"))
A17: 12 | C17: =ROUNDUP($A17/4.345,0) | E17: =IF($D17="","",$D17-$D16) | F17: =IF(COUNT($E14:$E17)<4,"",AVERAGE($E14:$E17)) | G17: =IF($F17="","",IF($F17>=$F16,"OK","要対策")) | I17: =IF($H17="","",$H17-$H16) | M17: =IF(OR($K17="",$K17=0),"",$L17/$K17) | N17: =IF(COUNT($M14:$M17)<4,"",AVERAGE($M14:$M17)) | O17: =IF($N17="","",IF($N17>=0.03,"OK","要対策")) | R17: =IF(OR($P17="",$P17=0),"",$Q17/$P17) | S17: =IF($R17="","",IF($R17>=0.15,"OK","要対策")) | V17: =IF(OR($T17="",$T17=0),"",$U17/$T17) | Y17: =IF(COUNT($W17:$X17)=0,"",SUM($W17:$X17)) | AA17: =IF($Z17="",$AA16,$AA16+$Z17) | AC17: =IF($AB17="","",IF($AB17<=15,"OK","超過"))
A18: 13 | C18: =ROUNDUP($A18/4.345,0) | E18: =IF($D18="","",$D18-$D17) | F18: =IF(COUNT($E15:$E18)<4,"",AVERAGE($E15:$E18)) | G18: =IF($F18="","",IF($F18>=$F17,"OK","要対策")) | I18: =IF($H18="","",$H18-$H17) | M18: =IF(OR($K18="",$K18=0),"",$L18/$K18) | N18: =IF(COUNT($M15:$M18)<4,"",AVERAGE($M15:$M18)) | O18: =IF($N18="","",IF($N18>=0.03,"OK","要対策")) | R18: =IF(OR($P18="",$P18=0),"",$Q18/$P18) | S18: =IF($R18="","",IF($R18>=0.15,"OK","要対策")) | V18: =IF(OR($T18="",$T18=0),"",$U18/$T18) | Y18: =IF(COUNT($W18:$X18)=0,"",SUM($W18:$X18)) | AA18: =IF($Z18="",$AA17,$AA17+$Z18) | AC18: =IF($AB18="","",IF($AB18<=15,"OK","超過"))
A19: 14 | C19: =ROUNDUP($A19/4.345,0) | E19: =IF($D19="","",$D19-$D18) | F19: =IF(COUNT($E16:$E19)<4,"",AVERAGE($E16:$E19)) | G19: =IF($F19="","",IF($F19>=$F18,"OK","要対策")) | I19: =IF($H19="","",$H19-$H18) | M19: =IF(OR($K19="",$K19=0),"",$L19/$K19) | N19: =IF(COUNT($M16:$M19)<4,"",AVERAGE($M16:$M19)) | O19: =IF($N19="","",IF($N19>=0.03,"OK","要対策")) | R19: =IF(OR($P19="",$P19=0),"",$Q19/$P19) | S19: =IF($R19="","",IF($R19>=0.15,"OK","要対策")) | V19: =IF(OR($T19="",$T19=0),"",$U19/$T19) | Y19: =IF(COUNT($W19:$X19)=0,"",SUM($W19:$X19)) | AA19: =IF($Z19="",$AA18,$AA18+$Z19) | AC19: =IF($AB19="","",IF($AB19<=15,"OK","超過"))
A20: 15 | C20: =ROUNDUP($A20/4.345,0) | E20: =IF($D20="","",$D20-$D19) | F20: =IF(COUNT($E17:$E20)<4,"",AVERAGE($E17:$E20)) | G20: =IF($F20="","",IF($F20>=$F19,"OK","要対策")) | I20: =IF($H20="","",$H20-$H19) | M20: =IF(OR($K20="",$K20=0),"",$L20/$K20) | N20: =IF(COUNT($M17:$M20)<4,"",AVERAGE($M17:$M20)) | O20: =IF($N20="","",IF($N20>=0.03,"OK","要対策")) | R20: =IF(OR($P20="",$P20=0),"",$Q20/$P20) | S20: =IF($R20="","",IF($R20>=0.15,"OK","要対策")) | V20: =IF(OR($T20="",$T20=0),"",$U20/$T20) | Y20: =IF(COUNT($W20:$X20)=0,"",SUM($W20:$X20)) | AA20: =IF($Z20="",$AA19,$AA19+$Z20) | AC20: =IF($AB20="","",IF($AB20<=15,"OK","超過"))
A21: 16 | C21: =ROUNDUP($A21/4.345,0) | E21: =IF($D21="","",$D21-$D20) | F21: =IF(COUNT($E18:$E21)<4,"",AVERAGE($E18:$E21)) | G21: =IF($F21="","",IF($F21>=$F20,"OK","要対策")) | I21: =IF($H21="","",$H21-$H20) | M21: =IF(OR($K21="",$K21=0),"",$L21/$K21) | N21: =IF(COUNT($M18:$M21)<4,"",AVERAGE($M18:$M21)) | O21: =IF($N21="","",IF($N21>=0.03,"OK","要対策")) | R21: =IF(OR($P21="",$P21=0),"",$Q21/$P21) | S21: =IF($R21="","",IF($R21>=0.15,"OK","要対策")) | V21: =IF(OR($T21="",$T21=0),"",$U21/$T21) | Y21: =IF(COUNT($W21:$X21)=0,"",SUM($W21:$X21)) | AA21: =IF($Z21="",$AA20,$AA20+$Z21) | AC21: =IF($AB21="","",IF($AB21<=15,"OK","超過"))
... A110: 105 | C110: =ROUNDUP($A110/4.345,0) | E110: =IF($D110="","",$D110-$D109) | F110: =IF(COUNT($E107:$E110)<4,"",AVERAGE($E107:$E110)) | G110: =IF($F110="","",IF($F110>=$F109,"OK","要対策")) | I110: =IF($H110="","",$H110-$H109) | M110: =IF(OR($K110="",$K110=0),"",$L110/$K110) | N110: =IF(COUNT($M107:$M110)<4,"",AVERAGE($M107:$M110)) | O110: =IF($N110="","",IF($N110>=0.03,"OK","要対策")) | R110: =IF(OR($P110="",$P110=0),"",$Q110/$P110) | S110: =IF($R110="","",IF($R110>=0.15,"OK","要対策")) | V110: =IF(OR($T110="",$T110=0),"",$U110/$T110) | Y110: =IF(COUNT($W110:$X110)=0,"",SUM($W110:$X110)) | AA110: =IF($Z110="",$AA109,$AA109+$Z110) | AC110: =IF($AB110="","",IF($AB110<=15,"OK","超過"))
A113: 記入例（参考。実際の入力は上の表へ）
A114: 12 | B114: 46320 | D114: 312 | H114: 4680 | J114: 5 | K114: 41200 | L114: 1420 | P114: 980 | Q114: 152 | T114: 0 | U114: 0 | W114: 9800 | X114: 0 | Z114: 6 | AB114: 14.5

Sheet 月次サマリ
A1: 月次サマリ（自動集計）
A2: 週次実績シートの「経過月」でグループ集計しています。計画値は 01_収支計画モデル.xlsx 標準シナリオの手入力です。
A4: 経過月 | B4: ﾒｰﾙﾘｽﾄ 期末 | C4: ﾘｽﾄ純増 | D4: ﾌｫﾛﾜｰ 期末 | E4: 投稿本数 | F4: 平均 保存率 | G4: LM登録率 | H4: ガイド 販売数 | I4: 返金率 | J4: 売上 | K4: 訪問店舗 累計 | L4: 投下時間 (月計) | M4: 計画リスト (標準) | N4: 計画比 | O4: 計画売上 (標準) | P4: 計画比
A5: 1 | B5: =IFERROR(INDEX(週次実績!$D$6:$D$110,MATCH($A5,週次実績!$C$6:$C$110,0)+COUNTIF(週次実績!$C$6:$C$110,$A5)-1),"") | C5: =IF(COUNTIFS(週次実績!$C$6:$C$110,$A5)=0,"",SUMIFS(週次実績!$E$6:$E$110,週次実績!$C$6:$C$110,$A5)) | D5: =IFERROR(INDEX(週次実績!$H$6:$H$110,MATCH($A5,週次実績!$C$6:$C$110,0)+COUNTIF(週次実績!$C$6:$C$110,$A5)-1),"") | E5: =IF(COUNTIFS(週次実績!$C$6:$C$110,$A5)=0,"",SUMIFS(週次実績!$J$6:$J$110,週次実績!$C$6:$C$110,$A5)) | F5: =IFERROR(SUMIFS(週次実績!$L$6:$L$110,週次実績!$C$6:$C$110,$A5)/SUMIFS(週次実績!$K$6:$K$110,週次実績!$C$6:$C$110,$A5),"") | G5: =IFERROR(SUMIFS(週次実績!$Q$6:$Q$110,週次実績!$C$6:$C$110,$A5)/SUMIFS(週次実績!$P$6:$P$110,週次実績!$C$6:$C$110,$A5),"") | H5: =IF(COUNTIFS(週次実績!$C$6:$C$110,$A5)=0,"",SUMIFS(週次実績!$T$6:$T$110,週次実績!$C$6:$C$110,$A5)) | I5: =IFERROR(SUMIFS(週次実績!$U$6:$U$110,週次実績!$C$6:$C$110,$A5)/SUMIFS(週次実績!$T$6:$T$110,週次実績!$C$6:$C$110,$A5),"") | J5: =IF(COUNTIFS(週次実績!$C$6:$C$110,$A5)=0,"",SUMIFS(週次実績!$W$6:$W$110,週次実績!$C$6:$C$110,$A5)+SUMIFS(週次実績!$X$6:$X$110,週次実績!$C$6:$C$110,$A5)) | K5: =IFERROR(INDEX(週次実績!$AA$6:$AA$110,MATCH($A5,週次実績!$C$6:$C$110,0)+COUNTIF(週次実績!$C$6:$C$110,$A5)-1),"") | L5: =IF(COUNTIFS(週次実績!$C$6:$C$110,$A5)=0,"",SUMIFS(週次実績!$AB$6:$AB$110,週次実績!$C$6:$C$110,$A5)) | M5: 120 | N5: =IFERROR(IF($B5="","",$B5/$M5),"") | O5: 3750 | P5: =IFERROR(IF($J5="","",$J5/$O5),"")
A6: 2 | B6: =IFERROR(INDEX(週次実績!$D$6:$D$110,MATCH($A6,週次実績!$C$6:$C$110,0)+COUNTIF(週次実績!$C$6:$C$110,$A6)-1),"") | C6: =IF(COUNTIFS(週次実績!$C$6:$C$110,$A6)=0,"",SUMIFS(週次実績!$E$6:$E$110,週次実績!$C$6:$C$110,$A6)) | D6: =IFERROR(INDEX(週次実績!$H$6:$H$110,MATCH($A6,週次実績!$C$6:$C$110,0)+COUNTIF(週次実績!$C$6:$C$110,$A6)-1),"") | E6: =IF(COUNTIFS(週次実績!$C$6:$C$110,$A6)=0,"",SUMIFS(週次実績!$J$6:$J$110,週次実績!$C$6:$C$110,$A6)) | F6: =IFERROR(SUMIFS(週次実績!$L$6:$L$110,週次実績!$C$6:$C$110,$A6)/SUMIFS(週次実績!$K$6:$K$110,週次実績!$C$6:$C$110,$A6),"") | G6: =IFERROR(SUMIFS(週次実績!$Q$6:$Q$110,週次実績!$C$6:$C$110,$A6)/SUMIFS(週次実績!$P$6:$P$110,週次実績!$C$6:$C$110,$A6),"") | H6: =IF(COUNTIFS(週次実績!$C$6:$C$110,$A6)=0,"",SUMIFS(週次実績!$T$6:$T$110,週次実績!$C$6:$C$110,$A6)) | I6: =IFERROR(SUMIFS(週次実績!$U$6:$U$110,週次実績!$C$6:$C$110,$A6)/SUMIFS(週次実績!$T$6:$T$110,週次実績!$C$6:$C$110,$A6),"") | J6: =IF(COUNTIFS(週次実績!$C$6:$C$110,$A6)=0,"",SUMIFS(週次実績!$W$6:$W$110,週次実績!$C$6:$C$110,$A6)+SUMIFS(週次実績!$X$6:$X$110,週次実績!$C$6:$C$110,$A6)) | K6: =IFERROR(INDEX(週次実績!$AA$6:$AA$110,MATCH($A6,週次実績!$C$6:$C$110,0)+COUNTIF(週次実績!$C$6:$C$110,$A6)-1),"") | L6: =IF(COUNTIFS(週次実績!$C$6:$C$110,$A6)=0,"",SUMIFS(週次実績!$AB$6:$AB$110,週次実績!$C$6:$C$110,$A6)) | M6: 264 | N6: =IFERROR(IF($B6="","",$B6/$M6),"") | O6: 7500 | P6: =IFERROR(IF($J6="","",$J6/$O6),"")
A7: 3 | B7: =IFERROR(INDEX(週次実績!$D$6:$D$110,MATCH($A7,週次実績!$C$6:$C$110,0)+COUNTIF(週次実績!$C$6:$C$110,$A7)-1),"") | C7: =IF(COUNTIFS(週次実績!$C$6:$C$110,$A7)=0,"",SUMIFS(週次実績!$E$6:$E$110,週次実績!$C$6:$C$110,$A7)) | D7: =IFERROR(INDEX(週次実績!$H$6:$H$110,MATCH($A7,週次実績!$C$6:$C$110,0)+COUNTIF(週次実績!$C$6:$C$110,$A7)-1),"") | E7: =IF(COUNTIFS(週次実績!$C$6:$C$110,$A7)=0,"",SUMIFS(週次実績!$J$6:$J$110,週次実績!$C$6:$C$110,$A7)) | F7: =IFERROR(SUMIFS(週次実績!$L$6:$L$110,週次実績!$C$6:$C$110,$A7)/SUMIFS(週次実績!$K$6:$K$110,週次実績!$C$6:$C$110,$A7),"") | G7: =IFERROR(SUMIFS(週次実績!$Q$6:$Q$110,週次実績!$C$6:$C$110,$A7)/SUMIFS(週次実績!$P$6:$P$110,週次実績!$C$6:$C$110,$A7),"") | H7: =IF(COUNTIFS(週次実績!$C$6:$C$110,$A7)=0,"",SUMIFS(週次実績!$T$6:$T$110,週次実績!$C$6:$C$110,$A7)) | I7: =IFERROR(SUMIFS(週次実績!$U$6:$U$110,週次実績!$C$6:$C$110,$A7)/SUMIFS(週次実績!$T$6:$T$110,週次実績!$C$6:$C$110,$A7),"") | J7: =IF(COUNTIFS(週次実績!$C$6:$C$110,$A7)=0,"",SUMIFS(週次実績!$W$6:$W$110,週次実績!$C$6:$C$110,$A7)+SUMIFS(週次実績!$X$6:$X$110,週次実績!$C$6:$C$110,$A7)) | K7: =IFERROR(INDEX(週次実績!$AA$6:$AA$110,MATCH($A7,週次実績!$C$6:$C$110,0)+COUNTIF(週次実績!$C$6:$C$110,$A7)-1),"") | L7: =IF(COUNTIFS(週次実績!$C$6:$C$110,$A7)=0,"",SUMIFS(週次実績!$AB$6:$AB$110,週次実績!$C$6:$C$110,$A7)) | M7: 356 | N7: =IFERROR(IF($B7="","",$B7/$M7),"") | O7: 11250 | P7: =IFERROR(IF($J7="","",$J7/$O7),"")
A8: 4 | B8: =IFERROR(INDEX(週次実績!$D$6:$D$110,MATCH($A8,週次実績!$C$6:$C$110,0)+COUNTIF(週次実績!$C$6:$C$110,$A8)-1),"") | C8: =IF(COUNTIFS(週次実績!$C$6:$C$110,$A8)=0,"",SUMIFS(週次実績!$E$6:$E$110,週次実績!$C$6:$C$110,$A8)) | D8: =IFERROR(INDEX(週次実績!$H$6:$H$110,MATCH($A8,週次実績!$C$6:$C$110,0)+COUNTIF(週次実績!$C$6:$C$110,$A8)-1),"") | E8: =IF(COUNTIFS(週次実績!$C$6:$C$110,$A8)=0,"",SUMIFS(週次実績!$J$6:$J$110,週次実績!$C$6:$C$110,$A8)) | F8: =IFERROR(SUMIFS(週次実績!$L$6:$L$110,週次実績!$C$6:$C$110,$A8)/SUMIFS(週次実績!$K$6:$K$110,週次実績!$C$6:$C$110,$A8),"") | G8: =IFERROR(SUMIFS(週次実績!$Q$6:$Q$110,週次実績!$C$6:$C$110,$A8)/SUMIFS(週次実績!$P$6:$P$110,週次実績!$C$6:$C$110,$A8),"") | H8: =IF(COUNTIFS(週次実績!$C$6:$C$110,$A8)=0,"",SUMIFS(週次実績!$T$6:$T$110,週次実績!$C$6:$C$110,$A8)) | I8: =IFERROR(SUMIFS(週次実績!$U$6:$U$110,週次実績!$C$6:$C$110,$A8)/SUMIFS(週次実績!$T$6:$T$110,週次実績!$C$6:$C$110,$A8),"") | J8: =IF(COUNTIFS(週次実績!$C$6:$C$110,$A8)=0,"",SUMIFS(週次実績!$W$6:$W$110,週次実績!$C$6:$C$110,$A8)+SUMIFS(週次実績!$X$6:$X$110,週次実績!$C$6:$C$110,$A8)) | K8: =IFERROR(INDEX(週次実績!$AA$6:$AA$110,MATCH($A8,週次実績!$C$6:$C$110,0)+COUNTIF(週次実績!$C$6:$C$110,$A8)-1),"") | L8: =IF(COUNTIFS(週次実績!$C$6:$C$110,$A8)=0,"",SUMIFS(週次実績!$AB$6:$AB$110,週次実績!$C$6:$C$110,$A8)) | M8: 512 | N8: =IFERROR(IF($B8="","",$B8/$M8),"") | O8: 15000 | P8: =IFERROR(IF($J8="","",$J8/$O8),"")
A9: 5 | B9: =IFERROR(INDEX(週次実績!$D$6:$D$110,MATCH($A9,週次実績!$C$6:$C$110,0)+COUNTIF(週次実績!$C$6:$C$110,$A9)-1),"") | C9: =IF(COUNTIFS(週次実績!$C$6:$C$110,$A9)=0,"",SUMIFS(週次実績!$E$6:$E$110,週次実績!$C$6:$C$110,$A9)) | D9: =IFERROR(INDEX(週次実績!$H$6:$H$110,MATCH($A9,週次実績!$C$6:$C$110,0)+COUNTIF(週次実績!$C$6:$C$110,$A9)-1),"") | E9: =IF(COUNTIFS(週次実績!$C$6:$C$110,$A9)=0,"",SUMIFS(週次実績!$J$6:$J$110,週次実績!$C$6:$C$110,$A9)) | F9: =IFERROR(SUMIFS(週次実績!$L$6:$L$110,週次実績!$C$6:$C$110,$A9)/SUMIFS(週次実績!$K$6:$K$110,週次実績!$C$6:$C$110,$A9),"") | G9: =IFERROR(SUMIFS(週次実績!$Q$6:$Q$110,週次実績!$C$6:$C$110,$A9)/SUMIFS(週次実績!$P$6:$P$110,週次実績!$C$6:$C$110,$A9),"") | H9: =IF(COUNTIFS(週次実績!$C$6:$C$110,$A9)=0,"",SUMIFS(週次実績!$T$6:$T$110,週次実績!$C$6:$C$110,$A9)) | I9: =IFERROR(SUMIFS(週次実績!$U$6:$U$110,週次実績!$C$6:$C$110,$A9)/SUMIFS(週次実績!$T$6:$T$110,週次実績!$C$6:$C$110,$A9),"") | J9: =IF(COUNTIFS(週次実績!$C$6:$C$110,$A9)=0,"",SUMIFS(週次実績!$W$6:$W$110,週次実績!$C$6:$C$110,$A9)+SUMIFS(週次実績!$X$6:$X$110,週次実績!$C$6:$C$110,$A9)) | K9: =IFERROR(INDEX(週次実績!$AA$6:$AA$110,MATCH($A9,週次実績!$C$6:$C$110,0)+COUNTIF(週次実績!$C$6:$C$110,$A9)-1),"") | L9: =IF(COUNTIFS(週次実績!$C$6:$C$110,$A9)=0,"",SUMIFS(週次実績!$AB$6:$AB$110,週次実績!$C$6:$C$110,$A9)) | M9: 700 | N9: =IFERROR(IF($B9="","",$B9/$M9),"") | O9: 166039 | P9: =IFERROR(IF($J9="","",$J9/$O9),"")
A10: 6 | B10: =IFERROR(INDEX(週次実績!$D$6:$D$110,MATCH($A10,週次実績!$C$6:$C$110,0)+COUNTIF(週次実績!$C$6:$C$110,$A10)-1),"") | C10: =IF(COUNTIFS(週次実績!$C$6:$C$110,$A10)=0,"",SUMIFS(週次実績!$E$6:$E$110,週次実績!$C$6:$C$110,$A10)) | D10: =IFERROR(INDEX(週次実績!$H$6:$H$110,MATCH($A10,週次実績!$C$6:$C$110,0)+COUNTIF(週次実績!$C$6:$C$110,$A10)-1),"") | E10: =IF(COUNTIFS(週次実績!$C$6:$C$110,$A10)=0,"",SUMIFS(週次実績!$J$6:$J$110,週次実績!$C$6:$C$110,$A10)) | F10: =IFERROR(SUMIFS(週次実績!$L$6:$L$110,週次実績!$C$6:$C$110,$A10)/SUMIFS(週次実績!$K$6:$K$110,週次実績!$C$6:$C$110,$A10),"") | G10: =IFERROR(SUMIFS(週次実績!$Q$6:$Q$110,週次実績!$C$6:$C$110,$A10)/SUMIFS(週次実績!$P$6:$P$110,週次実績!$C$6:$C$110,$A10),"") | H10: =IF(COUNTIFS(週次実績!$C$6:$C$110,$A10)=0,"",SUMIFS(週次実績!$T$6:$T$110,週次実績!$C$6:$C$110,$A10)) | I10: =IFERROR(SUMIFS(週次実績!$U$6:$U$110,週次実績!$C$6:$C$110,$A10)/SUMIFS(週次実績!$T$6:$T$110,週次実績!$C$6:$C$110,$A10),"") | J10: =IF(COUNTIFS(週次実績!$C$6:$C$110,$A10)=0,"",SUMIFS(週次実績!$W$6:$W$110,週次実績!$C$6:$C$110,$A10)+SUMIFS(週次実績!$X$6:$X$110,週次実績!$C$6:$C$110,$A10)) | K10: =IFERROR(INDEX(週次実績!$AA$6:$AA$110,MATCH($A10,週次実績!$C$6:$C$110,0)+COUNTIF(週次実績!$C$6:$C$110,$A10)-1),"") | L10: =IF(COUNTIFS(週次実績!$C$6:$C$110,$A10)=0,"",SUMIFS(週次実績!$AB$6:$AB$110,週次実績!$C$6:$C$110,$A10)) | M10: 1095 | N10: =IFERROR(IF($B10="","",$B10/$M10),"") | O10: 95664 | P10: =IFERROR(IF($J10="","",$J10/$O10),"")
A11: 7 | B11: =IFERROR(INDEX(週次実績!$D$6:$D$110,MATCH($A11,週次実績!$C$6:$C$110,0)+COUNTIF(週次実績!$C$6:$C$110,$A11)-1),"") | C11: =IF(COUNTIFS(週次実績!$C$6:$C$110,$A11)=0,"",SUMIFS(週次実績!$E$6:$E$110,週次実績!$C$6:$C$110,$A11)) | D11: =IFERROR(INDEX(週次実績!$H$6:$H$110,MATCH($A11,週次実績!$C$6:$C$110,0)+COUNTIF(週次実績!$C$6:$C$110,$A11)-1),"") | E11: =IF(COUNTIFS(週次実績!$C$6:$C$110,$A11)=0,"",SUMIFS(週次実績!$J$6:$J$110,週次実績!$C$6:$C$110,$A11)) | F11: =IFERROR(SUMIFS(週次実績!$L$6:$L$110,週次実績!$C$6:$C$110,$A11)/SUMIFS(週次実績!$K$6:$K$110,週次実績!$C$6:$C$110,$A11),"") | G11: =IFERROR(SUMIFS(週次実績!$Q$6:$Q$110,週次実績!$C$6:$C$110,$A11)/SUMIFS(週次実績!$P$6:$P$110,週次実績!$C$6:$C$110,$A11),"") | H11: =IF(COUNTIFS(週次実績!$C$6:$C$110,$A11)=0,"",SUMIFS(週次実績!$T$6:$T$110,週次実績!$C$6:$C$110,$A11)) | I11: =IFERROR(SUMIFS(週次実績!$U$6:$U$110,週次実績!$C$6:$C$110,$A11)/SUMIFS(週次実績!$T$6:$T$110,週次実績!$C$6:$C$110,$A11),"") | J11: =IF(COUNTIFS(週次実績!$C$6:$C$110,$A11)=0,"",SUMIFS(週次実績!$W$6:$W$110,週次実績!$C$6:$C$110,$A11)+SUMIFS(週次実績!$X$6:$X$110,週次実績!$C$6:$C$110,$A11)) | K11: =IFERROR(INDEX(週次実績!$AA$6:$AA$110,MATCH($A11,週次実績!$C$6:$C$110,0)+COUNTIF(週次実績!$C$6:$C$110,$A11)-1),"") | L11: =IF(COUNTIFS(週次実績!$C$6:$C$110,$A11)=0,"",SUMIFS(週次実績!$AB$6:$AB$110,週次実績!$C$6:$C$110,$A11)) | M11: 1442 | N11: =IFERROR(IF($B11="","",$B11/$M11),"") | O11: 126302 | P11: =IFERROR(IF($J11="","",$J11/$O11),"")
A12: 8 | B12: =IFERROR(INDEX(週次実績!$D$6:$D$110,MATCH($A12,週次実績!$C$6:$C$110,0)+COUNTIF(週次実績!$C$6:$C$110,$A12)-1),"") | C12: =IF(COUNTIFS(週次実績!$C$6:$C$110,$A12)=0,"",SUMIFS(週次実績!$E$6:$E$110,週次実績!$C$6:$C$110,$A12)) | D12: =IFERROR(INDEX(週次実績!$H$6:$H$110,MATCH($A12,週次実績!$C$6:$C$110,0)+COUNTIF(週次実績!$C$6:$C$110,$A12)-1),"") | E12: =IF(COUNTIFS(週次実績!$C$6:$C$110,$A12)=0,"",SUMIFS(週次実績!$J$6:$J$110,週次実績!$C$6:$C$110,$A12)) | F12: =IFERROR(SUMIFS(週次実績!$L$6:$L$110,週次実績!$C$6:$C$110,$A12)/SUMIFS(週次実績!$K$6:$K$110,週次実績!$C$6:$C$110,$A12),"") | G12: =IFERROR(SUMIFS(週次実績!$Q$6:$Q$110,週次実績!$C$6:$C$110,$A12)/SUMIFS(週次実績!$P$6:$P$110,週次実績!$C$6:$C$110,$A12),"") | H12: =IF(COUNTIFS(週次実績!$C$6:$C$110,$A12)=0,"",SUMIFS(週次実績!$T$6:$T$110,週次実績!$C$6:$C$110,$A12)) | I12: =IFERROR(SUMIFS(週次実績!$U$6:$U$110,週次実績!$C$6:$C$110,$A12)/SUMIFS(週次実績!$T$6:$T$110,週次実績!$C$6:$C$110,$A12),"") | J12: =IF(COUNTIFS(週次実績!$C$6:$C$110,$A12)=0,"",SUMIFS(週次実績!$W$6:$W$110,週次実績!$C$6:$C$110,$A12)+SUMIFS(週次実績!$X$6:$X$110,週次実績!$C$6:$C$110,$A12)) | K12: =IFERROR(INDEX(週次実績!$AA$6:$AA$110,MATCH($A12,週次実績!$C$6:$C$110,0)+COUNTIF(週次実績!$C$6:$C$110,$A12)-1),"") | L12: =IF(COUNTIFS(週次実績!$C$6:$C$110,$A12)=0,"",SUMIFS(週次実績!$AB$6:$AB$110,週次実績!$C$6:$C$110,$A12)) | M12: 1793 | N12: =IFERROR(IF($B12="","",$B12/$M12),"") | O12: 150826 | P12: =IFERROR(IF($J12="","",$J12/$O12),"")
A13: 9 | B13: =IFERROR(INDEX(週次実績!$D$6:$D$110,MATCH($A13,週次実績!$C$6:$C$110,0)+COUNTIF(週次実績!$C$6:$C$110,$A13)-1),"") | C13: =IF(COUNTIFS(週次実績!$C$6:$C$110,$A13)=0,"",SUMIFS(週次実績!$E$6:$E$110,週次実績!$C$6:$C$110,$A13)) | D13: =IFERROR(INDEX(週次実績!$H$6:$H$110,MATCH($A13,週次実績!$C$6:$C$110,0)+COUNTIF(週次実績!$C$6:$C$110,$A13)-1),"") | E13: =IF(COUNTIFS(週次実績!$C$6:$C$110,$A13)=0,"",SUMIFS(週次実績!$J$6:$J$110,週次実績!$C$6:$C$110,$A13)) | F13: =IFERROR(SUMIFS(週次実績!$L$6:$L$110,週次実績!$C$6:$C$110,$A13)/SUMIFS(週次実績!$K$6:$K$110,週次実績!$C$6:$C$110,$A13),"") | G13: =IFERROR(SUMIFS(週次実績!$Q$6:$Q$110,週次実績!$C$6:$C$110,$A13)/SUMIFS(週次実績!$P$6:$P$110,週次実績!$C$6:$C$110,$A13),"") | H13: =IF(COUNTIFS(週次実績!$C$6:$C$110,$A13)=0,"",SUMIFS(週次実績!$T$6:$T$110,週次実績!$C$6:$C$110,$A13)) | I13: =IFERROR(SUMIFS(週次実績!$U$6:$U$110,週次実績!$C$6:$C$110,$A13)/SUMIFS(週次実績!$T$6:$T$110,週次実績!$C$6:$C$110,$A13),"") | J13: =IF(COUNTIFS(週次実績!$C$6:$C$110,$A13)=0,"",SUMIFS(週次実績!$W$6:$W$110,週次実績!$C$6:$C$110,$A13)+SUMIFS(週次実績!$X$6:$X$110,週次実績!$C$6:$C$110,$A13)) | K13: =IFERROR(INDEX(週次実績!$AA$6:$AA$110,MATCH($A13,週次実績!$C$6:$C$110,0)+COUNTIF(週次実績!$C$6:$C$110,$A13)-1),"") | L13: =IF(COUNTIFS(週次実績!$C$6:$C$110,$A13)=0,"",SUMIFS(週次実績!$AB$6:$AB$110,週次実績!$C$6:$C$110,$A13)) | M13: 2124 | N13: =IFERROR(IF($B13="","",$B13/$M13),"") | O13: 340794 | P13: =IFERROR(IF($J13="","",$J13/$O13),"")
A14: 10 | B14: =IFERROR(INDEX(週次実績!$D$6:$D$110,MATCH($A14,週次実績!$C$6:$C$110,0)+COUNTIF(週次実績!$C$6:$C$110,$A14)-1),"") | C14: =IF(COUNTIFS(週次実績!$C$6:$C$110,$A14)=0,"",SUMIFS(週次実績!$E$6:$E$110,週次実績!$C$6:$C$110,$A14)) | D14: =IFERROR(INDEX(週次実績!$H$6:$H$110,MATCH($A14,週次実績!$C$6:$C$110,0)+COUNTIF(週次実績!$C$6:$C$110,$A14)-1),"") | E14: =IF(COUNTIFS(週次実績!$C$6:$C$110,$A14)=0,"",SUMIFS(週次実績!$J$6:$J$110,週次実績!$C$6:$C$110,$A14)) | F14: =IFERROR(SUMIFS(週次実績!$L$6:$L$110,週次実績!$C$6:$C$110,$A14)/SUMIFS(週次実績!$K$6:$K$110,週次実績!$C$6:$C$110,$A14),"") | G14: =IFERROR(SUMIFS(週次実績!$Q$6:$Q$110,週次実績!$C$6:$C$110,$A14)/SUMIFS(週次実績!$P$6:$P$110,週次実績!$C$6:$C$110,$A14),"") | H14: =IF(COUNTIFS(週次実績!$C$6:$C$110,$A14)=0,"",SUMIFS(週次実績!$T$6:$T$110,週次実績!$C$6:$C$110,$A14)) | I14: =IFERROR(SUMIFS(週次実績!$U$6:$U$110,週次実績!$C$6:$C$110,$A14)/SUMIFS(週次実績!$T$6:$T$110,週次実績!$C$6:$C$110,$A14),"") | J14: =IF(COUNTIFS(週次実績!$C$6:$C$110,$A14)=0,"",SUMIFS(週次実績!$W$6:$W$110,週次実績!$C$6:$C$110,$A14)+SUMIFS(週次実績!$X$6:$X$110,週次実績!$C$6:$C$110,$A14)) | K14: =IFERROR(INDEX(週次実績!$AA$6:$AA$110,MATCH($A14,週次実績!$C$6:$C$110,0)+COUNTIF(週次実績!$C$6:$C$110,$A14)-1),"") | L14: =IF(COUNTIFS(週次実績!$C$6:$C$110,$A14)=0,"",SUMIFS(週次実績!$AB$6:$AB$110,週次実績!$C$6:$C$110,$A14)) | M14: 2461 | N14: =IFERROR(IF($B14="","",$B14/$M14),"") | O14: 232030 | P14: =IFERROR(IF($J14="","",$J14/$O14),"")
A15: 11 | B15: =IFERROR(INDEX(週次実績!$D$6:$D$110,MATCH($A15,週次実績!$C$6:$C$110,0)+COUNTIF(週次実績!$C$6:$C$110,$A15)-1),"") | C15: =IF(COUNTIFS(週次実績!$C$6:$C$110,$A15)=0,"",SUMIFS(週次実績!$E$6:$E$110,週次実績!$C$6:$C$110,$A15)) | D15: =IFERROR(INDEX(週次実績!$H$6:$H$110,MATCH($A15,週次実績!$C$6:$C$110,0)+COUNTIF(週次実績!$C$6:$C$110,$A15)-1),"") | E15: =IF(COUNTIFS(週次実績!$C$6:$C$110,$A15)=0,"",SUMIFS(週次実績!$J$6:$J$110,週次実績!$C$6:$C$110,$A15)) | F15: =IFERROR(SUMIFS(週次実績!$L$6:$L$110,週次実績!$C$6:$C$110,$A15)/SUMIFS(週次実績!$K$6:$K$110,週次実績!$C$6:$C$110,$A15),"") | G15: =IFERROR(SUMIFS(週次実績!$Q$6:$Q$110,週次実績!$C$6:$C$110,$A15)/SUMIFS(週次実績!$P$6:$P$110,週次実績!$C$6:$C$110,$A15),"") | H15: =IF(COUNTIFS(週次実績!$C$6:$C$110,$A15)=0,"",SUMIFS(週次実績!$T$6:$T$110,週次実績!$C$6:$C$110,$A15)) | I15: =IFERROR(SUMIFS(週次実績!$U$6:$U$110,週次実績!$C$6:$C$110,$A15)/SUMIFS(週次実績!$T$6:$T$110,週次実績!$C$6:$C$110,$A15),"") | J15: =IF(COUNTIFS(週次実績!$C$6:$C$110,$A15)=0,"",SUMIFS(週次実績!$W$6:$W$110,週次実績!$C$6:$C$110,$A15)+SUMIFS(週次実績!$X$6:$X$110,週次実績!$C$6:$C$110,$A15)) | K15: =IFERROR(INDEX(週次実績!$AA$6:$AA$110,MATCH($A15,週次実績!$C$6:$C$110,0)+COUNTIF(週次実績!$C$6:$C$110,$A15)-1),"") | L15: =IF(COUNTIFS(週次実績!$C$6:$C$110,$A15)=0,"",SUMIFS(週次実績!$AB$6:$AB$110,週次実績!$C$6:$C$110,$A15)) | M15: 2789 | N15: =IFERROR(IF($B15="","",$B15/$M15),"") | O15: 244510 | P15: =IFERROR(IF($J15="","",$J15/$O15),"")
A16: 12 | B16: =IFERROR(INDEX(週次実績!$D$6:$D$110,MATCH($A16,週次実績!$C$6:$C$110,0)+COUNTIF(週次実績!$C$6:$C$110,$A16)-1),"") | C16: =IF(COUNTIFS(週次実績!$C$6:$C$110,$A16)=0,"",SUMIFS(週次実績!$E$6:$E$110,週次実績!$C$6:$C$110,$A16)) | D16: =IFERROR(INDEX(週次実績!$H$6:$H$110,MATCH($A16,週次実績!$C$6:$C$110,0)+COUNTIF(週次実績!$C$6:$C$110,$A16)-1),"") | E16: =IF(COUNTIFS(週次実績!$C$6:$C$110,$A16)=0,"",SUMIFS(週次実績!$J$6:$J$110,週次実績!$C$6:$C$110,$A16)) | F16: =IFERROR(SUMIFS(週次実績!$L$6:$L$110,週次実績!$C$6:$C$110,$A16)/SUMIFS(週次実績!$K$6:$K$110,週次実績!$C$6:$C$110,$A16),"") | G16: =IFERROR(SUMIFS(週次実績!$Q$6:$Q$110,週次実績!$C$6:$C$110,$A16)/SUMIFS(週次実績!$P$6:$P$110,週次実績!$C$6:$C$110,$A16),"") | H16: =IF(COUNTIFS(週次実績!$C$6:$C$110,$A16)=0,"",SUMIFS(週次実績!$T$6:$T$110,週次実績!$C$6:$C$110,$A16)) | I16: =IFERROR(SUMIFS(週次実績!$U$6:$U$110,週次実績!$C$6:$C$110,$A16)/SUMIFS(週次実績!$T$6:$T$110,週次実績!$C$6:$C$110,$A16),"") | J16: =IF(COUNTIFS(週次実績!$C$6:$C$110,$A16)=0,"",SUMIFS(週次実績!$W$6:$W$110,週次実績!$C$6:$C$110,$A16)+SUMIFS(週次実績!$X$6:$X$110,週次実績!$C$6:$C$110,$A16)) | K16: =IFERROR(INDEX(週次実績!$AA$6:$AA$110,MATCH($A16,週次実績!$C$6:$C$110,0)+COUNTIF(週次実績!$C$6:$C$110,$A16)-1),"") | L16: =IF(COUNTIFS(週次実績!$C$6:$C$110,$A16)=0,"",SUMIFS(週次実績!$AB$6:$AB$110,週次実績!$C$6:$C$110,$A16)) | M16: 3116 | N16: =IFERROR(IF($B16="","",$B16/$M16),"") | O16: 255996 | P16: =IFERROR(IF($J16="","",$J16/$O16),"")
... A28: 24 | B28: =IFERROR(INDEX(週次実績!$D$6:$D$110,MATCH($A28,週次実績!$C$6:$C$110,0)+COUNTIF(週次実績!$C$6:$C$110,$A28)-1),"") | C28: =IF(COUNTIFS(週次実績!$C$6:$C$110,$A28)=0,"",SUMIFS(週次実績!$E$6:$E$110,週次実績!$C$6:$C$110,$A28)) | D28: =IFERROR(INDEX(週次実績!$H$6:$H$110,MATCH($A28,週次実績!$C$6:$C$110,0)+COUNTIF(週次実績!$C$6:$C$110,$A28)-1),"") | E28: =IF(COUNTIFS(週次実績!$C$6:$C$110,$A28)=0,"",SUMIFS(週次実績!$J$6:$J$110,週次実績!$C$6:$C$110,$A28)) | F28: =IFERROR(SUMIFS(週次実績!$L$6:$L$110,週次実績!$C$6:$C$110,$A28)/SUMIFS(週次実績!$K$6:$K$110,週次実績!$C$6:$C$110,$A28),"") | G28: =IFERROR(SUMIFS(週次実績!$Q$6:$Q$110,週次実績!$C$6:$C$110,$A28)/SUMIFS(週次実績!$P$6:$P$110,週次実績!$C$6:$C$110,$A28),"") | H28: =IF(COUNTIFS(週次実績!$C$6:$C$110,$A28)=0,"",SUMIFS(週次実績!$T$6:$T$110,週次実績!$C$6:$C$110,$A28)) | I28: =IFERROR(SUMIFS(週次実績!$U$6:$U$110,週次実績!$C$6:$C$110,$A28)/SUMIFS(週次実績!$T$6:$T$110,週次実績!$C$6:$C$110,$A28),"") | J28: =IF(COUNTIFS(週次実績!$C$6:$C$110,$A28)=0,"",SUMIFS(週次実績!$W$6:$W$110,週次実績!$C$6:$C$110,$A28)+SUMIFS(週次実績!$X$6:$X$110,週次実績!$C$6:$C$110,$A28)) | K28: =IFERROR(INDEX(週次実績!$AA$6:$AA$110,MATCH($A28,週次実績!$C$6:$C$110,0)+COUNTIF(週次実績!$C$6:$C$110,$A28)-1),"") | L28: =IF(COUNTIFS(週次実績!$C$6:$C$110,$A28)=0,"",SUMIFS(週次実績!$AB$6:$AB$110,週次実績!$C$6:$C$110,$A28)) | M28: 9441 | N28: =IFERROR(IF($B28="","",$B28/$M28),"") | O28: 1057330 | P28: =IFERROR(IF($J28="","",$J28/$O28),"")
A30: ■ 計画比の読み方
A31: ・80%未満が2ヶ月続いたら、計画ではなく前提を疑うこと。01_収支計画モデル.xlsx の黄色セルを実績値に置き換えて着地を引き直す。
A32: ・計画を守るために無理をするのではなく、計画を実態に合わせる。無理をした結果に起きるのは、燃え尽きによる活動停止。
A33: ・M列/O列（計画値）は収支モデル標準シナリオの手入力。前提条件を変更した場合はここも更新すること。

Sheet ゲート判定
A1: 意思決定ゲート判定
A2: 感情ではなく数字で判断するため、基準を事前に固定してあります。該当月の実績が入ると自動判定されます。
A4: 時点 | B4: 続行条件 | C4: 基準値 | D4: 実績（自動） | E4: 判定（自動） | F4: 未達の場合の方針
A5: 3ヶ月目 | B5: メールリスト300件以上 | C5: 300 | D5: =IFERROR(月次サマリ!$B7,"") | E5: =IF($D5="","データ未入力",IF($D5>=$C5,"通過","未達")) | F5: 150〜299件：商品を出さず60日リスト構築を継続／150件未満：ターゲット設定から見直す
A6: 6ヶ月目 | B6: ガイド初月販売20本以上 | C6: 20 | D6: =IFERROR(月次サマリ!$H10,"") | E6: =IF($D6="","データ未入力",IF($D6>=$C6,"通過","未達")) | F6: リストが薄い状態でのローンチは返金率を上げ商品寿命を縮める。リスト構築に戻る
A7: 12ヶ月目 | B7: 月商20万円以上 | C7: 200000 | D7: =IFERROR(月次サマリ!$J16,"") | E7: =IF($D7="","データ未入力",IF($D7>=$C7,"通過","未達")) | F7: 時給換算2,000円を下回るなら、省力運用（アフィリ＋タイアップ中心）へ移行
A8: 18ヶ月目 | B8: 月商50万円以上 | C8: 500000 | D8: =IFERROR(月次サマリ!$J22,"") | E8: =IF($D8="","データ未入力",IF($D8>=$C8,"通過","未達")) | F8: BtoB需要が実在しない可能性。タイアップ営業の方法を見直す
A9: 24ヶ月目 | B9: 月商70万円以上 | C9: 700000 | D9: =IFERROR(月次サマリ!$J28,"") | E9: =IF($D9="","データ未入力",IF($D9>=$C9,"通過","未達")) | F9: 達成：法人化・専業化を検討／未達：省力運用へ移行
A12: ※ 24ヶ月目の「月商70万円」は 01_収支計画モデル.xlsx 標準シナリオ（約106万円）に対する下限として設定。
A13: ※ 保守シナリオでは36ヶ月かけても累積黒字化しない。ゲートを機械的に運用することが撤退判断の唯一の担保。
